<?xml version="1.0" encoding="UTF-8"?>
<project-private xmlns="http://www.netbeans.org/ns/project-private/1">
    <editor-bookmarks xmlns="http://www.netbeans.org/ns/editor-bookmarks/2" lastBookmarkId="0"/>
    <open-files xmlns="http://www.netbeans.org/ns/projectui-open-files/2">
        <group>
            <file>file:/C:/Users/1GDAW09/Documents/1GSDAW/Programación/Ejercicios%20Java/Tema%206/Tema6_Practica1_Ejercicio2/src/tema6_practica1_ejercicio2/Tema6_Practica1_Ejercicio2.java</file>
            <file>file:/C:/Users/1GDAW09/Documents/1GSDAW/Programación/Ejercicios%20Java/Tema%206/Tema6_Practica1_Ejercicio2/src/Clases/Alumno.java</file>
        </group>
    </open-files>
</project-private>
